[
    {"id": "20005", 
	 "name": "超级火箭"},

    {"id": "20004", 
	 "name": "火箭"},

    {"id": "20003", 
	 "name": "飞机"},

    {"id": "20002", 
	 "name": "办卡"},

    {"id": "20010", 
	 "name": "MVP"},

    {"id": "20541", 
	 "name": "大气"},

    {"id": "20000", 
	 "name": "100鱼丸"},

    {"id": "20709", 
	 "name": "壁咚"},

    {"id": "20751", 
	 "name": "Mojito之夏"},

    {"id": "20755", 
	 "name": "夏日火箭"},

    {"id": "20417", 
	 "name": "福袋"},

    {"id": "200124", 
	 "name": "对A"},

    {"id": "193", 
	 "name": "弱鸡"},

    {"id": "192", 
	 "name": "赞"},
    
	{"id": "520", 
	 "name": "稳"},

    {"id": "712", 
	 "name": "棒棒哒"},
    
	{"id": "824", 
	 "name": "荧光棒"},

    {"id": "1823", 
	 "name": "粉丝荧光棒"},

	{"id": "20124",
     "name": "対A"},

	{"id": "519",
	 "name": "呵呵"},

	{"id": "20461",
	 "name": "车队加油卡"},

	{"id": "20710",
	 "name": "金鲨鱼"},

	{"id": "21470",
	 "name": "冒险家"},

	{"id": "21460",
	 "name": "青青树叶"},

	{"id": "21463",
	 "name": "白云卡"},

	{"id": "21555",
	 "name": "1星卡片"},

	{"id": "20843",
	 "name": "小星星"},

	{"id": "20842",
	 "name": "时空战机"},

	{"id": "21301",
	 "name": "星光水母"},

	{"id": "21598",
	 "name": "星空卡"},

	{"id": "21597",
	 "name": "星球"},

    {"id": "21298",
	 "name": "海螺"},

	{"id": "20095",
	 "name": "吃鸡"}
]
